Workbook

Sheet Summary
A1: Experiment Results – Summary (Mean across Seeds)
D2: Mean Results
A3: Dataset | B3: Attribute | C3: Model | D3: Mean ACC | E3: Mean DEO | F3: Mean DAO | G3: Mean Runtime (s)
A4: Adult | B4: Gender | C4: Base Model | D4: =IFERROR('Adult – Gender'!G4,"") -> 0.84499667 | E4: =IFERROR('Adult – Gender'!H4,"") -> 0.078947667 | F4: =IFERROR('Adult – Gender'!I4,"") -> 0.081113667 | G4: =IFERROR('Adult – Gender'!J4,"") -> 8.3333333
C5: Fixed Alpha | D5: =IFERROR('Adult – Gender'!G7,"") -> 0.8457 | E5: =IFERROR('Adult – Gender'!H7,"") -> 0.066991333 | F5: =IFERROR('Adult – Gender'!I7,"") -> 0.073041667 | G5: =IFERROR('Adult – Gender'!J7,"") -> 99.333333
C6: Dynamic Alpha | D6: =IFERROR('Adult – Gender'!G10,"") -> 0.84418667 | E6: =IFERROR('Adult – Gender'!H10,"") -> 0.028447 | F6: =IFERROR('Adult – Gender'!I10,"") -> 0.048122333 | G6: =IFERROR('Adult – Gender'!J10,"") -> 96
A7: Adult | B7: Marital Status | C7: Base Model | D7: =IFERROR('Adult – Marital Status'!G4,"") | E7: =IFERROR('Adult – Marital Status'!H4,"") | F7: =IFERROR('Adult – Marital Status'!I4,"") | G7: =IFERROR('Adult – Marital Status'!J4,"")
C8: Fixed Alpha | D8: =IFERROR('Adult – Marital Status'!G7,"") | E8: =IFERROR('Adult – Marital Status'!H7,"") | F8: =IFERROR('Adult – Marital Status'!I7,"") | G8: =IFERROR('Adult – Marital Status'!J7,"")
C9: Dynamic Alpha | D9: =IFERROR('Adult – Marital Status'!G10,"") | E9: =IFERROR('Adult – Marital Status'!H10,"") | F9: =IFERROR('Adult – Marital Status'!I10,"") | G9: =IFERROR('Adult – Marital Status'!J10,"")
A10: German | B10: Gender | C10: Base Model | D10: =IFERROR('German – Gender'!G4,"") | E10: =IFERROR('German – Gender'!H4,"") | F10: =IFERROR('German – Gender'!I4,"") | G10: =IFERROR('German – Gender'!J4,"")
C11: Fixed Alpha | D11: =IFERROR('German – Gender'!G7,"") | E11: =IFERROR('German – Gender'!H7,"") | F11: =IFERROR('German – Gender'!I7,"") | G11: =IFERROR('German – Gender'!J7,"")
C12: Dynamic Alpha | D12: =IFERROR('German – Gender'!G10,"") | E12: =IFERROR('German – Gender'!H10,"") | F12: =IFERROR('German – Gender'!I10,"") | G12: =IFERROR('German – Gender'!J10,"")
A13: German | B13: Foreign Worker | C13: Base Model | D13: =IFERROR('German – Foreign Worker'!G4,"") | E13: =IFERROR('German – Foreign Worker'!H4,"") | F13: =IFERROR('German – Foreign Worker'!I4,"") | G13: =IFERROR('German – Foreign Worker'!J4,"")
C14: Fixed Alpha | D14: =IFERROR('German – Foreign Worker'!G7,"") | E14: =IFERROR('German – Foreign Worker'!H7,"") | F14: =IFERROR('German – Foreign Worker'!I7,"") | G14: =IFERROR('German – Foreign Worker'!J7,"")
C15: Dynamic Alpha | D15: =IFERROR('German – Foreign Worker'!G10,"") | E15: =IFERROR('German – Foreign Worker'!H10,"") | F15: =IFERROR('German – Foreign Worker'!I10,"") | G15: =IFERROR('German – Foreign Worker'!J10,"")

Sheet Adult – Gender
A1: Adult Dataset | Sensitive Attribute: Gender
C2: Results | G2: Mean across Seeds
A3: Model | B3: Seed | C3: ACC | D3: DEO | E3: DAO | F3: Runtime (s) | G3: Mean ACC | H3: Mean DEO | I3: Mean DAO | J3: Mean Runtime (s)
A4: Base Model | B4: 0 | C4: 0.84721 | D4: 0.095211 | E4: 0.090209 | F4: 9 | G4: =IFERROR(AVERAGE(C4,C5,C6),"") -> 0.84499667 | H4: =IFERROR(AVERAGE(D4,D5,D6),"") -> 0.078947667 | I4: =IFERROR(AVERAGE(E4,E5,E6),"") -> 0.081113667 | J4: =IFERROR(AVERAGE(F4,F5,F6),"") -> 8.3333333
B5: 40 | C5: 0.84422 | D5: 0.06588 | E5: 0.072705 | F5: 8
B6: 123 | C6: 0.84356 | D6: 0.075752 | E6: 0.080427 | F6: 8
A7: Fixed Alpha | B7: 0 | C7: 0.845 | D7: 0.052403 | E7: 0.067095 | F7: 100 | G7: =IFERROR(AVERAGE(C7,C8,C9),"") -> 0.8457 | H7: =IFERROR(AVERAGE(D7,D8,D9),"") -> 0.066991333 | I7: =IFERROR(AVERAGE(E7,E8,E9),"") -> 0.073041667 | J7: =IFERROR(AVERAGE(F7,F8,F9),"") -> 99.333333
B8: 40 | C8: 0.84478 | D8: 0.091347 | E8: 0.085728 | F8: 101
B9: 123 | C9: 0.84732 | D9: 0.057224 | E9: 0.066302 | F9: 97
A10: Dynamic Alpha | B10: 0 | C10: 0.84378 | D10: 0.027894 | E10: 0.04196 | F10: 95 | G10: =IFERROR(AVERAGE(C10,C11,C12),"") -> 0.84418667 | H10: =IFERROR(AVERAGE(D10,D11,D12),"") -> 0.028447 | I10: =IFERROR(AVERAGE(E10,E11,E12),"") -> 0.048122333 | J10: =IFERROR(AVERAGE(F10,F11,F12),"") -> 96
B11: 40 | C11: 0.84522 | D11: 0.034189 | E11: 0.05512 | F11: 97
B12: 123 | C12: 0.84356 | D12: 0.023258 | E12: 0.047287 | F12: 96

Sheet Adult – Marital Status
A1: Adult Dataset | Sensitive Attribute: Marital Status
C2: Results | G2: Mean across Seeds
A3: Model | B3: Seed | C3: ACC | D3: DEO | E3: DAO | F3: Runtime (s) | G3: Mean ACC | H3: Mean DEO | I3: Mean DAO | J3: Mean Runtime (s)
A4: Base Model | B4: 0 | G4: =IFERROR(AVERAGE(C4,C5,C6),"") | H4: =IFERROR(AVERAGE(D4,D5,D6),"") | I4: =IFERROR(AVERAGE(E4,E5,E6),"") | J4: =IFERROR(AVERAGE(F4,F5,F6),"")
B5: 40
B6: 123
A7: Fixed Alpha | B7: 0 | G7: =IFERROR(AVERAGE(C7,C8,C9),"") | H7: =IFERROR(AVERAGE(D7,D8,D9),"") | I7: =IFERROR(AVERAGE(E7,E8,E9),"") | J7: =IFERROR(AVERAGE(F7,F8,F9),"")
B8: 40
B9: 123
A10: Dynamic Alpha | B10: 0 | G10: =IFERROR(AVERAGE(C10,C11,C12),"") | H10: =IFERROR(AVERAGE(D10,D11,D12),"") | I10: =IFERROR(AVERAGE(E10,E11,E12),"") | J10: =IFERROR(AVERAGE(F10,F11,F12),"")
B11: 40
B12: 123

Sheet German – Gender
A1: German Dataset | Sensitive Attribute: Gender
C2: Results | G2: Mean across Seeds
A3: Model | B3: Seed | C3: ACC | D3: DEO | E3: DAO | F3: Runtime (s) | G3: Mean ACC | H3: Mean DEO | I3: Mean DAO | J3: Mean Runtime (s)
A4: Base Model | B4: 0 | G4: =IFERROR(AVERAGE(C4,C5,C6),"") | H4: =IFERROR(AVERAGE(D4,D5,D6),"") | I4: =IFERROR(AVERAGE(E4,E5,E6),"") | J4: =IFERROR(AVERAGE(F4,F5,F6),"")
B5: 40
B6: 123
A7: Fixed Alpha | B7: 0 | G7: =IFERROR(AVERAGE(C7,C8,C9),"") | H7: =IFERROR(AVERAGE(D7,D8,D9),"") | I7: =IFERROR(AVERAGE(E7,E8,E9),"") | J7: =IFERROR(AVERAGE(F7,F8,F9),"")
B8: 40
B9: 123
A10: Dynamic Alpha | B10: 0 | G10: =IFERROR(AVERAGE(C10,C11,C12),"") | H10: =IFERROR(AVERAGE(D10,D11,D12),"") | I10: =IFERROR(AVERAGE(E10,E11,E12),"") | J10: =IFERROR(AVERAGE(F10,F11,F12),"")
B11: 40
B12: 123

Sheet German – Foreign Worker
A1: German Dataset | Sensitive Attribute: Foreign Worker
C2: Results | G2: Mean across Seeds
A3: Model | B3: Seed | C3: ACC | D3: DEO | E3: DAO | F3: Runtime (s) | G3: Mean ACC | H3: Mean DEO | I3: Mean DAO | J3: Mean Runtime (s)
A4: Base Model | B4: 0 | G4: =IFERROR(AVERAGE(C4,C5,C6),"") | H4: =IFERROR(AVERAGE(D4,D5,D6),"") | I4: =IFERROR(AVERAGE(E4,E5,E6),"") | J4: =IFERROR(AVERAGE(F4,F5,F6),"")
B5: 40
B6: 123
A7: Fixed Alpha | B7: 0 | G7: =IFERROR(AVERAGE(C7,C8,C9),"") | H7: =IFERROR(AVERAGE(D7,D8,D9),"") | I7: =IFERROR(AVERAGE(E7,E8,E9),"") | J7: =IFERROR(AVERAGE(F7,F8,F9),"")
B8: 40
B9: 123
A10: Dynamic Alpha | B10: 0 | G10: =IFERROR(AVERAGE(C10,C11,C12),"") | H10: =IFERROR(AVERAGE(D10,D11,D12),"") | I10: =IFERROR(AVERAGE(E10,E11,E12),"") | J10: =IFERROR(AVERAGE(F10,F11,F12),"")
B11: 40
B12: 123
