Workbook

Sheet Comparison
A1: Model Comparison — Mean ± Std Dev across 30 Runs
A3: Metric | B3: Dynamic (Current) | F3: Baseline ⚠ | J3: Adversarial Fixed Alpha ⚠
B4: Mean | C4: Std Dev | D4: 95% CI Low | E4: 95% CI High | F4: Mean | G4: Std Dev | H4: 95% CI Low | I4: 95% CI High | J4: Mean | K4: Std Dev | L4: 95% CI Low | M4: 95% CI High
A5: ACC | B5: 0.844555 | C5: 0.002094 | D5: 0.843773 | E5: 0.845337 | F5: 0.830637 | G5: 0.002793 | H5: 0.829593 | I5: 0.83168 | J5: 0.839836 | K5: 0.002842 | L5: 0.838775 | M5: 0.840898
A6: DEO | B6: 0.026358 | C6: 0.020195 | D6: 0.018817 | E6: 0.033899 | F6: 0.041562 | G6: 0.019979 | H6: 0.034101 | I6: 0.049022 | J6: 0.032994 | K6: 0.021154 | L6: 0.025095 | M6: 0.040893
A7: DAO | B7: 0.046814 | C7: 0.01246 | D7: 0.042162 | E7: 0.051467 | F7: 0.063193 | G7: 0.01488 | H7: 0.057637 | I7: 0.068749 | J7: 0.052984 | K7: 0.015792 | L7: 0.047087 | M7: 0.058881
A8: Runtime | B8: 99.866667 | C8: 3.36035 | D8: 98.611891 | E8: 101.12144 | F8: 92.9 | G8: 3.176965 | H8: 91.713702 | I8: 94.086298 | J8: 97.133333 | K8: 3.52071 | L8: 95.818678 | M8: 98.447988
A11: ⚠ Baseline and Adversarial Fixed Alpha columns contain placeholder data. Replace raw data sheets when real results are available.

Sheet Dynamic — Raw Data
A1: Run Name | B1: Runtime (s) | C1: State | D1: Tags | E1: Notes | F1: ACC | G1: DAO | H1: DEO | I1: Seed
A2: dynamic_adult_gender_0 | B2: 103 | C2: finished | D2: dynamic | E2: - | F2: 0.84422333 | G2: 0.059421027 | H2: 0.047666751 | I2: 0
A3: dynamic_adult_gender_1 | B3: 102 | C3: finished | D3: dynamic | E3: - | F3: 0.84168049 | G3: 0.040781201 | H3: 0.012184752 | I3: 1
A4: dynamic_adult_gender_2 | B4: 108 | C4: finished | D4: dynamic | E4: - | F4: 0.84311774 | G4: 0.044308235 | H4: 0.021985042 | I4: 2
A5: dynamic_adult_gender_3 | B5: 100 | C5: finished | D5: dynamic | E5: - | F5: 0.84499724 | G5: 0.040177184 | H5: 0.015346039 | I5: 3
A6: dynamic_adult_gender_4 | B6: 100 | C6: finished | D6: dynamic | E6: - | F6: 0.84422333 | G6: 0.063757317 | H6: 0.057596012 | I6: 4
A7: dynamic_adult_gender_5 | B7: 101 | C7: finished | D7: dynamic | E7: - | F7: 0.84046434 | G7: 0.059510176 | H7: 0.044619438 | I7: 5
A8: dynamic_adult_gender_6 | B8: 108 | C8: finished | D8: dynamic | E8: - | F8: 0.84599226 | G8: 0.040531798 | H8: 0.019609578 | I8: 6
A9: dynamic_adult_gender_7 | B9: 100 | C9: finished | D9: dynamic | E9: - | F9: 0.84201216 | G9: 0.038706099 | H9: 0.0017546043 | I9: 7
A10: dynamic_adult_gender_8 | B10: 96 | C10: finished | D10: dynamic | E10: - | F10: 0.84532891 | G10: 0.059033195 | H10: 0.043932593 | I10: 8
A11: dynamic_adult_gender_9 | B11: 97 | C11: finished | D11: dynamic | E11: - | F11: 0.84090658 | G11: 0.036831093 | H11: 0.0055172559 | I11: 9
A12: dynamic_adult_gender_10 | B12: 96 | C12: finished | D12: dynamic | E12: - | F12: 0.8458817 | G12: 0.031866013 | H12: 0.014485234 | I12: 10
A13: dynamic_adult_gender_11 | B13: 96 | C13: finished | D13: dynamic | E13: - | F13: 0.84787175 | G13: 0.027594192 | H13: 0.0018085922 | I13: 11
... A31: dynamic_adult_gender_29 | B31: 103 | C31: finished | D31: dynamic | E31: - | F31: 0.84134881 | G31: 0.037913913 | H31: 0.0096518235 | I31: 29
A32: AVERAGE | B32: =AVERAGE(B2:B31) -> 99.866667 | F32: =AVERAGE(F2:F31) -> 0.844555 | G32: =AVERAGE(G2:G31) -> 0.046814335 | H32: =AVERAGE(H2:H31) -> 0.026358306

Sheet Dynamic — Summary
A1: Dynamic (Current) — Statistical Summary (30 Runs)
A3: Metric | B3: Mean | C3: Std Dev | D3: Min | E3: Max | F3: 95% CI
A4: ACC | B4: =AVERAGE('Dynamic — Raw Data'!F2:F31) -> 0.844555 | C4: =STDEV('Dynamic — Raw Data'!F2:F31) -> 0.0020940768 | D4: =MIN('Dynamic — Raw Data'!F2:F31) -> 0.84046434 | E4: =MAX('Dynamic — Raw Data'!F2:F31) -> 0.84831399 | F4: [0.8438, 0.8453]
A5: DEO | B5: =AVERAGE('Dynamic — Raw Data'!H2:H31) -> 0.026358306 | C5: =STDEV('Dynamic — Raw Data'!H2:H31) -> 0.020194859 | D5: =MIN('Dynamic — Raw Data'!H2:H31) -> 0.00073483429 | E5: =MAX('Dynamic — Raw Data'!H2:H31) -> 0.06625206 | F5: [0.0188, 0.0339]
A6: DAO | B6: =AVERAGE('Dynamic — Raw Data'!G2:G31) -> 0.046814335 | C6: =STDEV('Dynamic — Raw Data'!G2:G31) -> 0.012460215 | D6: =MIN('Dynamic — Raw Data'!G2:G31) -> 0.027594192 | E6: =MAX('Dynamic — Raw Data'!G2:G31) -> 0.071417452 | F6: [0.0422, 0.0515]
A7: Runtime | B7: =AVERAGE('Dynamic — Raw Data'!B2:B31) -> 99.866667 | C7: =STDEV('Dynamic — Raw Data'!B2:B31) -> 3.3603503 | D7: =MIN('Dynamic — Raw Data'!B2:B31) -> 95 | E7: =MAX('Dynamic — Raw Data'!B2:B31) -> 108 | F7: [98.6119, 101.1214]
A9: Statistical Significance (one-sample t-test vs. 0)
A10: Metric | B10: t-statistic | C10: p-value | D10: Significant? | E10: df | F10: n
A11: ACC | B11: 2209.0013 | C11: 2.4549896e-77 | D11: Yes (p < 0.001) | E11: 29 | F11: 30
A12: DEO | B12: 7.1489 | C12: 7.2203838e-08 | D12: Yes (p < 0.001) | E12: 29 | F12: 30
A13: DAO | B13: 20.5785 | C13: 7.5696217e-19 | D13: Yes (p < 0.001) | E13: 29 | F13: 30
A14: Runtime | B14: 162.7783 | C14: 1.693559e-44 | D14: Yes (p < 0.001) | E14: 29 | F14: 30

Sheet Baseline — Raw Data
A1: ⚠ PLACEHOLDER DATA — replace with real experimental results
A2: Run Name | B2: Runtime (s) | C2: State | D2: Tags | E2: Notes | F2: ACC | G2: DAO | H2: DEO | I2: Seed
A3: placeholder_run_0 | B3: 95 | C3: finished | E3: - | F3: 0.82919488 | G3: 0.055812386 | H3: 0.044135706 | I3: 0
A4: placeholder_run_1 | B4: 93 | C4: finished | E4: - | F4: 0.83655683 | G4: 0.060215115 | H4: 0.06331019 | I4: 1
A5: placeholder_run_2 | B5: 96 | C5: finished | E5: - | F5: 0.83095951 | G5: 0.046404975 | H5: 0.026554832 | I5: 2
A6: placeholder_run_3 | B6: 99 | C6: finished | E6: - | F6: 0.82782687 | G6: 0.045056901 | H6: 0.034791433 | I6: 3
A7: placeholder_run_4 | B7: 93 | C7: finished | E7: - | F7: 0.83346763 | G7: 0.075187887 | H7: 0.033373621 | I7: 4
A8: placeholder_run_5 | B8: 93 | C8: finished | E8: - | F8: 0.82733747 | G8: 0.0833436 | H8: 0.0098026711 | I8: 5
A9: placeholder_run_6 | B9: 99 | C9: finished | E9: - | F9: 0.83162659 | G9: 0.061919848 | H9: 0.048514646 | I9: 6
A10: placeholder_run_7 | B10: 96 | C10: finished | E10: - | F10: 0.82512099 | G10: 0.078052993 | H10: 0.047743216 | I10: 7
A11: placeholder_run_8 | B11: 92 | C11: finished | E11: - | F11: 0.82701544 | G11: 0.06842454 | H11: 0.042112496 | I11: 8
A12: placeholder_run_9 | B12: 95 | C12: finished | E12: - | F12: 0.83159058 | G12: 0.053323204 | H12: 0.036839083 | I12: 9
A13: placeholder_run_10 | B13: 92 | C13: finished | E13: - | F13: 0.8332154 | G13: 0.068420934 | H13: 0.010861844 | I13: 10
A14: placeholder_run_11 | B14: 92 | C14: finished | E14: - | F14: 0.8315141 | G14: 0.086070548 | H14: 0.032745803 | I14: 11
... A32: placeholder_run_29 | B32: 92 | C32: finished | E32: - | F32: 0.83392664 | G32: 0.070699011 | H32: 0.058542527 | I32: 29
A33: AVERAGE | B33: =AVERAGE(B3:B32) -> 92.9 | F33: =AVERAGE(F3:F32) -> 0.83063651 | G33: =AVERAGE(G3:G32) -> 0.063193272 | H33: =AVERAGE(H3:H32) -> 0.041561563

Sheet Baseline — Summary
A1: Baseline — Statistical Summary (30 Runs) [PLACEHOLDER]
A3: ⚠ PLACEHOLDER DATA — replace with real experimental results
A4: Metric | B4: Mean | C4: Std Dev | D4: Min | E4: Max | F4: 95% CI
A5: ACC | B5: =AVERAGE('Baseline — Raw Data'!F3:F32) -> 0.83063651 | C5: =STDEV('Baseline — Raw Data'!F3:F32) -> 0.0027933066 | D5: =MIN('Baseline — Raw Data'!F3:F32) -> 0.82512099 | E5: =MAX('Baseline — Raw Data'!F3:F32) -> 0.83655683 | F5: [0.8296, 0.8317]
A6: DEO | B6: =AVERAGE('Baseline — Raw Data'!H3:H32) -> 0.041561563 | C6: =STDEV('Baseline — Raw Data'!H3:H32) -> 0.019978773 | D6: =MIN('Baseline — Raw Data'!H3:H32) -> 0 | E6: =MAX('Baseline — Raw Data'!H3:H32) -> 0.096191326 | F6: [0.0341, 0.0490]
A7: DAO | B7: =AVERAGE('Baseline — Raw Data'!G3:G32) -> 0.063193272 | C7: =STDEV('Baseline — Raw Data'!G3:G32) -> 0.014879746 | D7: =MIN('Baseline — Raw Data'!G3:G32) -> 0.023703823 | E7: =MAX('Baseline — Raw Data'!G3:G32) -> 0.086469655 | F7: [0.0576, 0.0687]
A8: Runtime | B8: =AVERAGE('Baseline — Raw Data'!B3:B32) -> 92.9 | C8: =STDEV('Baseline — Raw Data'!B3:B32) -> 3.1769645 | D8: =MIN('Baseline — Raw Data'!B3:B32) -> 87 | E8: =MAX('Baseline — Raw Data'!B3:B32) -> 99 | F8: [91.7137, 94.0863]
A10: Statistical Significance (one-sample t-test vs. 0)
A11: Metric | B11: t-statistic | C11: p-value | D11: Significant? | E11: df | F11: n
A12: ACC | B12: 1628.7448 | C12: 1.6903013e-73 | D12: Yes (p < 0.001) | E12: 29 | F12: 30
A13: DEO | B13: 11.3942 | C13: 3.1552885e-12 | D13: Yes (p < 0.001) | E13: 29 | F13: 30
A14: DAO | B14: 23.2614 | C14: 2.637212e-20 | D14: Yes (p < 0.001) | E14: 29 | F14: 30
A15: Runtime | B15: 160.1637 | C15: 2.7072473e-44 | D15: Yes (p < 0.001) | E15: 29 | F15: 30

Sheet Adversarial — Raw Data
A1: ⚠ PLACEHOLDER DATA — replace with real experimental results
A2: Run Name | B2: Runtime (s) | C2: State | D2: Tags | E2: Notes | F2: ACC | G2: DAO | H2: DEO | I2: Seed
A3: placeholder_run_0 | B3: 100 | C3: finished | E3: - | F3: 0.83975148 | G3: 0.06138501 | H3: 0.043559591 | I3: 0
A4: placeholder_run_1 | B4: 94 | C4: finished | E4: - | F4: 0.84003934 | G4: 0.039142637 | H4: 0.055982444 | I4: 1
A5: placeholder_run_2 | B5: 102 | C5: finished | E5: - | F5: 0.83695993 | G5: 0.035936613 | H5: 0.051988039 | I5: 2
A6: placeholder_run_3 | B6: 93 | C6: finished | E6: - | F6: 0.83969676 | G6: 0.059237086 | H6: 0.045330608 | I6: 3
A7: placeholder_run_4 | B7: 100 | C7: finished | E7: - | F7: 0.83987922 | G7: 0.048648058 | H7: 0.024064077 | I7: 4
A8: placeholder_run_5 | B8: 105 | C8: finished | E8: - | F8: 0.83685695 | G8: 0.062710007 | H8: 0.047697323 | I8: 5
A9: placeholder_run_6 | B9: 94 | C9: finished | E9: - | F9: 0.84459732 | G9: 0.059098564 | H9: 0.013997845 | I9: 6
A10: placeholder_run_7 | B10: 96 | C10: finished | E10: - | F10: 0.8404215 | G10: 0.050907566 | H10: 0.025789991 | I10: 7
A11: placeholder_run_8 | B11: 98 | C11: finished | E11: - | F11: 0.83542609 | G11: 0.039298094 | H11: 0.020322002 | I11: 8
A12: placeholder_run_9 | B12: 96 | C12: finished | E12: - | F12: 0.84096966 | G12: 0.029277292 | H12: 0.032801231 | I12: 9
A13: placeholder_run_10 | B13: 92 | C13: finished | E13: - | F13: 0.83607595 | G13: 0.045302276 | H13: 0.081922488 | I13: 10
A14: placeholder_run_11 | B14: 98 | C14: finished | E14: - | F14: 0.84136125 | G14: 0.064845982 | H14: 0 | I14: 11
... A32: placeholder_run_29 | B32: 99 | C32: finished | E32: - | F32: 0.84716051 | G32: 0.10979097 | H32: 0.049753533 | I32: 29
A33: AVERAGE | B33: =AVERAGE(B3:B32) -> 97.133333 | F33: =AVERAGE(F3:F32) -> 0.83983636 | G33: =AVERAGE(G3:G32) -> 0.052983885 | H33: =AVERAGE(H3:H32) -> 0.032993888

Sheet Adversarial — Summary
A1: Adversarial Fixed Alpha — Statistical Summary (30 Runs) [PLACEHOLDER]
A3: ⚠ PLACEHOLDER DATA — replace with real experimental results
A4: Metric | B4: Mean | C4: Std Dev | D4: Min | E4: Max | F4: 95% CI
A5: ACC | B5: =AVERAGE('Adversarial — Raw Data'!F3:F32) -> 0.83983636 | C5: =STDEV('Adversarial — Raw Data'!F3:F32) -> 0.0028420978 | D5: =MIN('Adversarial — Raw Data'!F3:F32) -> 0.83542609 | E5: =MAX('Adversarial — Raw Data'!F3:F32) -> 0.84716051 | F5: [0.8388, 0.8409]
A6: DEO | B6: =AVERAGE('Adversarial — Raw Data'!H3:H32) -> 0.032993888 | C6: =STDEV('Adversarial — Raw Data'!H3:H32) -> 0.021153824 | D6: =MIN('Adversarial — Raw Data'!H3:H32) -> 0 | E6: =MAX('Adversarial — Raw Data'!H3:H32) -> 0.081922488 | F6: [0.0251, 0.0409]
A7: DAO | B7: =AVERAGE('Adversarial — Raw Data'!G3:G32) -> 0.052983885 | C7: =STDEV('Adversarial — Raw Data'!G3:G32) -> 0.015791841 | D7: =MIN('Adversarial — Raw Data'!G3:G32) -> 0.029277292 | E7: =MAX('Adversarial — Raw Data'!G3:G32) -> 0.10979097 | F7: [0.0471, 0.0589]
A8: Runtime | B8: =AVERAGE('Adversarial — Raw Data'!B3:B32) -> 97.133333 | C8: =STDEV('Adversarial — Raw Data'!B3:B32) -> 3.5207105 | D8: =MIN('Adversarial — Raw Data'!B3:B32) -> 92 | E8: =MAX('Adversarial — Raw Data'!B3:B32) -> 105 | F8: [95.8187, 98.4480]
A10: Statistical Significance (one-sample t-test vs. 0)
A11: Metric | B11: t-statistic | C11: p-value | D11: Significant? | E11: df | F11: n
A12: ACC | B12: 1618.5133 | C12: 2.0292205e-73 | D12: Yes (p < 0.001) | E12: 29 | F12: 30
A13: DEO | B13: 8.5429 | C13: 2.0676525e-09 | D13: Yes (p < 0.001) | E13: 29 | F13: 30
A14: DAO | B14: 18.3769 | C14: 1.6061691e-17 | D14: Yes (p < 0.001) | E14: 29 | F14: 30
A15: Runtime | B15: 151.1119 | C15: 1.4600733e-43 | D15: Yes (p < 0.001) | E15: 29 | F15: 30
